lastmonth_activity,lastyear_activity,number_of_employees,exited
26.0,26.0,26.0,26.0
165.65384615384616,1502.923076923077,26.884615384615383,0.5769230769230769
284.0332293669446,2192.64495845683,31.353885785435807,0.5038314736557788
0.0,18.0,1.0,0.0
16.75,406.25,7.25,0.0
73.0,955.0,14.0,1.0
100.75,1615.5,34.5,1.0
1090.0,10983.0,103.0,1.0
