lastmonth_activity,lastyear_activity,number_of_employees,exited
26.0,26.0,26.0,26.0
5625.923076923077,763.5384615384615,457.46153846153845,0.5
19444.774621317832,2016.6093569309696,800.6048328991891,0.5099019513592785
0.0,0.0,2.0,0.0
38.25,14.0,12.75,0.0
425.0,97.5,99.0,0.5
1804.75,474.75,626.5,1.0
98765.0,9982.0,3782.0,1.0
